<?xml version="1.0" encoding="UTF-8"?>
<!DOCTYPE hibernate-configuration PUBLIC
		"-//Hibernate/Hibernate Configuration DTD 3.0//EN"
		"http://www.hibernate.org/dtd/hibernate-configuration-3.0.dtd">		
<hibernate-configuration>
    <!--  <session-factory name="Hibernate_factory_class">-->
      <session-factory >
        <property name="hibernate.connection.driver_class">com.mysql.jdbc.Driver</property>
        <property name="hibernate.connection.url">jdbc:mysql://localhost:3306/vanille?useSSL=false&amp;useLegacyDatetimeCode=false</property>
        <property name="hibernate.connection.username">Rudy</property>
        <property name="connection.password">Azerty31!</property>
        <!-- dbcp connection pool configuration -->
<property name="hibernate.dbcp.initialSize">5</property>
<!--property name="hibernate.dbcp.maxTotal">20</property><property 
name="hibernate.dbcp.maxIdle">10</property><property 
name="hibernate.dbcp.minIdle">5</property><property 
name="hibernate.dbcp.maxWaitMillis">-1</property-->
<!-- Select our SQL dialect -->
        <property name="hibernate.dialect">org.hibernate.dialect.MySQL5Dialect</property>
        <property name="show_sql">true</property>

<!-- Set the current session context -->

<property name="current_session_context_class">thread</property>

<!-- Set the cache provider -->


<property name="cache.provider_class">org.hibernate.cache.NoCacheProvider </property>

<!-- Drop and re-create the database schema on startup -->


<property name="hbm2ddl.auto">validate</property>

<!-- Enities to map -->

   <!-- List of XML mapping files -->
   <!--   <mapping resource = "categorie.hbm.xml"/> --> 
<mapping class="com.btssio.vanille.entity.Categorie"/>


    </session-factory>
</hibernate-configuration>


















